INSERT INTO region (r_regionkey, r_name, r_comment) VALUES (0, 'AFRICA', 'lar deposits. blithely final packages cajole. regular waters are final requests. regular accounts are according to ');
INSERT INTO region (r_regionkey, r_name, r_comment) VALUES (1, 'AMERICA', 'hs use ironic, even requests. s');
INSERT INTO region (r_regionkey, r_name, r_comment) VALUES (2, 'ASIA', 'ges. thinly even pinto beans ca');
INSERT INTO region (r_regionkey, r_name, r_comment) VALUES (3, 'EUROPE', 'ly final courts cajole furiously final excuse');
INSERT INTO region (r_regionkey, r_name, r_comment) VALUES (4, 'MIDDLE EAST', 'uickly special accounts cajole carefully blithely close requests. carefully final asymptotes haggle furiousl');
INSERT INTO nation (n_nationkey, n_name, n_regionkey, n_comment) VALUES (0, 'ALGERIA', 0, ' haggle. carefully final deposits detect slyly agai');
INSERT INTO nation (n_nationkey, n_name, n_regionkey, n_comment) VALUES (1, 'ARGENTINA', 1, 'al foxes promise slyly according to the regular accounts. bold requests alon');
INSERT INTO nation (n_nationkey, n_name, n_regionkey, n_comment) VALUES (2, 'BRAZIL', 1, 'y alongside of the pending deposits. carefully special packages are about the ironic forges. slyly special ');
INSERT INTO nation (n_nationkey, n_name, n_regionkey, n_comment) VALUES (3, 'CANADA', 1, 'eas hang ironic, silent packages. slyly regular packages are furiously over the tithes. fluffily bold');
INSERT INTO nation (n_nationkey, n_name, n_regionkey, n_comment) VALUES (4, 'EGYPT', 4, 'y above the carefully unusual theodolites. final dugouts are quickly across the furiously regular d');
INSERT INTO nation (n_nationkey, n_name, n_regionkey, n_comment) VALUES (5, 'ETHIOPIA', 0, 'ven packages wake quickly. regu');
INSERT INTO nation (n_nationkey, n_name, n_regionkey, n_comment) VALUES (6, 'FRANCE', 3, 'refully final requests. regular, ironi');
INSERT INTO nation (n_nationkey, n_name, n_regionkey, n_comment) VALUES (7, 'GERMANY', 3, 'l platelets. regular accounts x-ray: unusual, regular acco');
INSERT INTO nation (n_nationkey, n_name, n_regionkey, n_comment) VALUES (8, 'INDIA', 2, 'ss excuses cajole slyly across the packages. deposits print aroun');
INSERT INTO nation (n_nationkey, n_name, n_regionkey, n_comment) VALUES (9, 'INDONESIA', 2, ' slyly express asymptotes. regular deposits haggle slyly. carefully ironic hockey players sleep blithely. carefull');
INSERT INTO nation (n_nationkey, n_name, n_regionkey, n_comment) VALUES (10, 'IRAN', 4, 'efully alongside of the slyly final dependencies. ');
INSERT INTO nation (n_nationkey, n_name, n_regionkey, n_comment) VALUES (11, 'IRAQ', 4, 'nic deposits boost atop the quickly final requests? quickly regula');
INSERT INTO nation (n_nationkey, n_name, n_regionkey, n_comment) VALUES (12, 'JAPAN', 2, 'ously. final, express gifts cajole a');
INSERT INTO nation (n_nationkey, n_name, n_regionkey, n_comment) VALUES (13, 'JORDAN', 4, 'ic deposits are blithely about the carefully regular pa');
INSERT INTO nation (n_nationkey, n_name, n_regionkey, n_comment) VALUES (14, 'KENYA', 0, ' pending excuses haggle furiously deposits. pending, express pinto beans wake fluffily past t');
INSERT INTO nation (n_nationkey, n_name, n_regionkey, n_comment) VALUES (15, 'MOROCCO', 0, 'rns. blithely bold courts among the closely regular packages use furiously bold platelets?');
INSERT INTO part (p_partkey, p_name, p_mfgr, p_brand, p_type, p_size, p_container, p_retailprice, p_comment) VALUES (1, 'goldenrod lavender spring chocolate lace', 'Manufacturer#1', 'Brand#13', 'PROMO BURNISHED COPPER', 7, 'JUMBO PKG', 901.00, 'ly. slyly ironi');
INSERT INTO part (p_partkey, p_name, p_mfgr, p_brand, p_type, p_size, p_container, p_retailprice, p_comment) VALUES (2, 'blush thistle blue yellow saddle', 'Manufacturer#1', 'Brand#13', 'LARGE BRUSHED BRASS', 1, 'LG CASE', 902.00, 'lar accounts amo');
INSERT INTO part (p_partkey, p_name, p_mfgr, p_brand, p_type, p_size, p_container, p_retailprice, p_comment) VALUES (3, 'spring green yellow purple cornsilk', 'Manufacturer#4', 'Brand#42', 'STANDARD POLISHED BRASS', 21, 'WRAP CASE', 903.00, 'egular deposits hag');
INSERT INTO part (p_partkey, p_name, p_mfgr, p_brand, p_type, p_size, p_container, p_retailprice, p_comment) VALUES (4, 'cornflower chocolate smoke green pink', 'Manufacturer#3', 'Brand#34', 'SMALL PLATED BRASS', 14, 'MED DRUM', 904.00, 'p furiously r');
INSERT INTO part (p_partkey, p_name, p_mfgr, p_brand, p_type, p_size, p_container, p_retailprice, p_comment) VALUES (5, 'forest brown coral puff cream', 'Manufacturer#3', 'Brand#32', 'STANDARD POLISHED TIN', 15, 'SM PKG', 905.00, ' wake carefully ');
INSERT INTO part (p_partkey, p_name, p_mfgr, p_brand, p_type, p_size, p_container, p_retailprice, p_comment) VALUES (6, 'bisque cornflower lawn forest magenta', 'Manufacturer#2', 'Brand#24', 'PROMO PLATED STEEL', 4, 'MED BAG', 906.00, 'sual a');
INSERT INTO part (p_partkey, p_name, p_mfgr, p_brand, p_type, p_size, p_container, p_retailprice, p_comment) VALUES (7, 'moccasin green thistle khaki floral', 'Manufacturer#1', 'Brand#11', 'SMALL PLATED COPPER', 45, 'SM BAG', 907.00, 'lyly. ex');
INSERT INTO part (p_partkey, p_name, p_mfgr, p_brand, p_type, p_size, p_container, p_retailprice, p_comment) VALUES (8, 'misty lace thistle snow royal', 'Manufacturer#4', 'Brand#44', 'PROMO BURNISHED TIN', 41, 'LG DRUM', 908.00, 'eposi');
INSERT INTO part (p_partkey, p_name, p_mfgr, p_brand, p_type, p_size, p_container, p_retailprice, p_comment) VALUES (9, 'thistle dim navajo dark gainsboro', 'Manufacturer#4', 'Brand#43', 'SMALL BURNISHED STEEL', 12, 'WRAP CASE', 909.00, 'ironic foxe');
INSERT INTO part (p_partkey, p_name, p_mfgr, p_brand, p_type, p_size, p_container, p_retailprice, p_comment) VALUES (10, 'linen pink saddle puff powder', 'Manufacturer#5', 'Brand#54', 'LARGE BURNISHED STEEL', 44, 'LG CAN', 910.01, 'ithely final deposit');
INSERT INTO part (p_partkey, p_name, p_mfgr, p_brand, p_type, p_size, p_container, p_retailprice, p_comment) VALUES (11, 'spring maroon seashell almond orchid', 'Manufacturer#2', 'Brand#25', 'STANDARD BURNISHED NICKEL', 43, 'WRAP BOX', 911.01, 'ng gr');
INSERT INTO part (p_partkey, p_name, p_mfgr, p_brand, p_type, p_size, p_container, p_retailprice, p_comment) VALUES (12, 'cornflower wheat orange maroon ghost', 'Manufacturer#3', 'Brand#33', 'MEDIUM ANODIZED STEEL', 25, 'JUMBO CASE', 912.01, ' quickly');
INSERT INTO part (p_partkey, p_name, p_mfgr, p_brand, p_type, p_size, p_container, p_retailprice, p_comment) VALUES (13, 'ghost olive orange rosy thistle', 'Manufacturer#5', 'Brand#55', 'MEDIUM BURNISHED NICKEL', 1, 'JUMBO PACK', 913.01, 'osits.');
INSERT INTO part (p_partkey, p_name, p_mfgr, p_brand, p_type, p_size, p_container, p_retailprice, p_comment) VALUES (14, 'khaki seashell rose cornsilk navajo', 'Manufacturer#1', 'Brand#13', 'SMALL POLISHED STEEL', 28, 'JUMBO BOX', 914.01, 'kages c');
INSERT INTO part (p_partkey, p_name, p_mfgr, p_brand, p_type, p_size, p_container, p_retailprice, p_comment) VALUES (15, 'blanched honeydew sky turquoise medium', 'Manufacturer#1', 'Brand#15', 'LARGE ANODIZED BRASS', 45, 'LG CASE', 915.01, 'usual ac');
INSERT INTO part (p_partkey, p_name, p_mfgr, p_brand, p_type, p_size, p_container, p_retailprice, p_comment) VALUES (16, 'deep sky turquoise drab peach', 'Manufacturer#3', 'Brand#32', 'PROMO PLATED TIN', 2, 'MED PACK', 916.01, 'unts a');
INSERT INTO part (p_partkey, p_name, p_mfgr, p_brand, p_type, p_size, p_container, p_retailprice, p_comment) VALUES (17, 'indian navy coral pink deep', 'Manufacturer#4', 'Brand#43', 'ECONOMY BRUSHED STEEL', 16, 'LG BOX', 917.01, ' regular accounts');
INSERT INTO part (p_partkey, p_name, p_mfgr, p_brand, p_type, p_size, p_container, p_retailprice, p_comment) VALUES (18, 'turquoise indian lemon lavender misty', 'Manufacturer#1', 'Brand#11', 'SMALL BURNISHED STEEL', 42, 'JUMBO PACK', 918.01, 's cajole slyly a');
INSERT INTO part (p_partkey, p_name, p_mfgr, p_brand, p_type, p_size, p_container, p_retailprice, p_comment) VALUES (19, 'chocolate navy tan deep brown', 'Manufacturer#2', 'Brand#23', 'SMALL ANODIZED NICKEL', 33, 'WRAP BOX', 919.01, ' pending acc');
INSERT INTO part (p_partkey, p_name, p_mfgr, p_brand, p_type, p_size, p_container, p_retailprice, p_comment) VALUES (20, 'ivory navy honeydew sandy midnight', 'Manufacturer#1', 'Brand#12', 'LARGE POLISHED NICKEL', 48, 'MED BAG', 920.02, 'are across the asympt');
INSERT INTO part (p_partkey, p_name, p_mfgr, p_brand, p_type, p_size, p_container, p_retailprice, p_comment) VALUES (21, 'lemon floral azure frosted lime', 'Manufacturer#3', 'Brand#33', 'SMALL BURNISHED TIN', 31, 'MED BAG', 921.02, 'ss packages. pendin');
INSERT INTO part (p_partkey, p_name, p_mfgr, p_brand, p_type, p_size, p_container, p_retailprice, p_comment) VALUES (22, 'medium forest blue ghost black', 'Manufacturer#4', 'Brand#43', 'PROMO POLISHED BRASS', 19, 'LG DRUM', 922.02, ' even p');
INSERT INTO part (p_partkey, p_name, p_mfgr, p_brand, p_type, p_size, p_container, p_retailprice, p_comment) VALUES (23, 'coral lavender seashell rosy burlywood', 'Manufacturer#3', 'Brand#35', 'MEDIUM BURNISHED TIN', 42, 'JUMBO JAR', 923.02, 'nic, fina');
INSERT INTO part (p_partkey, p_name, p_mfgr, p_brand, p_type, p_size, p_container, p_retailprice, p_comment) VALUES (24, 'seashell coral metallic midnight floral', 'Manufacturer#5', 'Brand#52', 'MEDIUM PLATED STEEL', 20, 'MED CASE', 924.02, ' final the');
INSERT INTO part (p_partkey, p_name, p_mfgr, p_brand, p_type, p_size, p_container, p_retailprice, p_comment) VALUES (25, 'aquamarine steel firebrick light turquoise', 'Manufacturer#5', 'Brand#55', 'STANDARD BRUSHED COPPER', 3, 'JUMBO BAG', 925.02, 'requests wake');
INSERT INTO part (p_partkey, p_name, p_mfgr, p_brand, p_type, p_size, p_container, p_retailprice, p_comment) VALUES (26, 'beige frosted moccasin chocolate snow', 'Manufacturer#3', 'Brand#32', 'SMALL BRUSHED STEEL', 32, 'SM CASE', 926.02, ' instructions i');
INSERT INTO part (p_partkey, p_name, p_mfgr, p_brand, p_type, p_size, p_container, p_retailprice, p_comment) VALUES (27, 'saddle puff beige linen yellow', 'Manufacturer#1', 'Brand#14', 'LARGE ANODIZED TIN', 20, 'MED PKG', 927.02, 's wake. ir');
INSERT INTO part (p_partkey, p_name, p_mfgr, p_brand, p_type, p_size, p_container, p_retailprice, p_comment) VALUES (28, 'navajo yellow drab white misty', 'Manufacturer#4', 'Brand#44', 'SMALL PLATED COPPER', 19, 'JUMBO PKG', 928.02, 'x-ray pending, iron');
INSERT INTO part (p_partkey, p_name, p_mfgr, p_brand, p_type, p_size, p_container, p_retailprice, p_comment) VALUES (29, 'lemon sky grey salmon orchid', 'Manufacturer#3', 'Brand#33', 'PROMO PLATED COPPER', 7, 'LG DRUM', 929.02, ' carefully fluffi');
INSERT INTO part (p_partkey, p_name, p_mfgr, p_brand, p_type, p_size, p_container, p_retailprice, p_comment) VALUES (30, 'cream misty steel spring medium', 'Manufacturer#4', 'Brand#42', 'PROMO ANODIZED TIN', 17, 'LG BOX', 930.03, 'carefully bus');
INSERT INTO part (p_partkey, p_name, p_mfgr, p_brand, p_type, p_size, p_container, p_retailprice, p_comment) VALUES (31, 'slate seashell steel medium moccasin', 'Manufacturer#5', 'Brand#53', 'STANDARD BRUSHED TIN', 10, 'LG BAG', 931.03, 'uriously s');
INSERT INTO supplier (s_suppkey, s_name, s_address, s_nationkey, s_phone, s_acctbal, s_comment) VALUES (2, 'Supplier#000000002', '89eJ5ksX3ImxJQBvxObC,', 5, '15-679-861-2259', 4032.68, ' slyly bold instructions. idle dependen');
INSERT INTO supplier (s_suppkey, s_name, s_address, s_nationkey, s_phone, s_acctbal, s_comment) VALUES (3, 'Supplier#000000003', 'q1,G3Pj6OjIuUYfUoH18BFTKP5aU9bEV3', 1, '11-383-516-1199', 4192.40, 'blithely silent requests after the express dependencies are sl');
INSERT INTO supplier (s_suppkey, s_name, s_address, s_nationkey, s_phone, s_acctbal, s_comment) VALUES (4, 'Supplier#000000004', 'Bk7ah4CK8SYQTepEmvMkkgMwg', 15, '25-843-787-7479', 4641.08, 'riously even requests above the exp');
INSERT INTO supplier (s_suppkey, s_name, s_address, s_nationkey, s_phone, s_acctbal, s_comment) VALUES (5, 'Supplier#000000005', 'Gcdm2rJRzl5qlTVzc', 11, '21-151-690-3663', -283.84, '. slyly regular pinto bea');
INSERT INTO supplier (s_suppkey, s_name, s_address, s_nationkey, s_phone, s_acctbal, s_comment) VALUES (6, 'Supplier#000000006', 'tQxuVm7s7CnK', 14, '24-696-997-4969', 1365.79, 'final accounts. regular dolphins use against the furiously ironic decoys. ');
INSERT INTO supplier (s_suppkey, s_name, s_address, s_nationkey, s_phone, s_acctbal, s_comment) VALUES (9, 'Supplier#000000009', '1KhUgZegwM3ua7dsYmekYBsK', 10, '20-403-398-8662', 5302.37, 's. unusual, even requests along the furiously regular pac');
INSERT INTO supplier (s_suppkey, s_name, s_address, s_nationkey, s_phone, s_acctbal, s_comment) VALUES (12, 'Supplier#000000012', 'aLIW  q0HYd', 8, '18-179-925-7181', 1432.69, 'al packages nag alongside of the bold instructions. express, daring accounts');
INSERT INTO supplier (s_suppkey, s_name, s_address, s_nationkey, s_phone, s_acctbal, s_comment) VALUES (13, 'Supplier#000000013', 'HK71HQyWoqRWOX8GI FpgAifW,2PoH', 3, '13-727-620-7813', 9107.22, 'requests engage regularly instructions. furiously special requests ar');
INSERT INTO supplier (s_suppkey, s_name, s_address, s_nationkey, s_phone, s_acctbal, s_comment) VALUES (14, 'Supplier#000000014', 'EXsnO5pTNj4iZRm', 15, '25-656-247-5058', 9189.82, 'l accounts boost. fluffily bold warhorses wake');
INSERT INTO supplier (s_suppkey, s_name, s_address, s_nationkey, s_phone, s_acctbal, s_comment) VALUES (15, 'Supplier#000000015', 'olXVbNBfVzRqgokr1T,Ie', 8, '18-453-357-6394', 308.56, ' across the furiously regular platelets wake even deposits. quickly express she');
INSERT INTO supplier (s_suppkey, s_name, s_address, s_nationkey, s_phone, s_acctbal, s_comment) VALUES (20, 'Supplier#000000020', 'iybAE,RmTymrZVYaFZva2SH,j', 3, '13-715-945-6730', 530.82, 'n, ironic ideas would nag blithely about the slyly regular accounts. silent, expr');
INSERT INTO supplier (s_suppkey, s_name, s_address, s_nationkey, s_phone, s_acctbal, s_comment) VALUES (21, 'Supplier#000000021', '81CavellcrJ0PQ3CPBID0Z0JwyJm0ka5igEs', 2, '12-253-590-5816', 9365.80, 'd. instructions integrate sometimes slyly pending instructions. accounts nag among the ');
INSERT INTO supplier (s_suppkey, s_name, s_address, s_nationkey, s_phone, s_acctbal, s_comment) VALUES (22, 'Supplier#000000022', 'okiiQFk 8lm6EVX6Q0,bEcO', 4, '14-144-830-2814', -966.20, ' ironically among the deposits. closely expre');
INSERT INTO supplier (s_suppkey, s_name, s_address, s_nationkey, s_phone, s_acctbal, s_comment) VALUES (23, 'Supplier#000000023', 'ssetugTcXc096qlD7 2TL5crEEeS3zk', 9, '19-559-422-5776', 5926.41, 'ges could have to are ironic deposits. regular, even request');
INSERT INTO supplier (s_suppkey, s_name, s_address, s_nationkey, s_phone, s_acctbal, s_comment) VALUES (24, 'Supplier#000000024', 'C4nPvLrVmKPPabFCj', 0, '10-620-939-2254', 9170.71, 'usly pending deposits. slyly final accounts run ');
INSERT INTO supplier (s_suppkey, s_name, s_address, s_nationkey, s_phone, s_acctbal, s_comment) VALUES (28, 'Supplier#000000028', 'GBhvoRh,7YIN V', 0, '10-538-384-8460', -891.99, 'ld requests across the pinto beans are carefully against the quickly final courts. accounts sleep ');
INSERT INTO partsupp (ps_partkey, ps_suppkey, ps_availqty, ps_supplycost, ps_comment) VALUES (1, 2, 3325, 771.64, ', even theodolites. regular, final theodolites eat after the carefully pending foxes. furiously regular deposits sleep slyly. carefully bold realms above the ironic dependencies haggle careful');
INSERT INTO partsupp (ps_partkey, ps_suppkey, ps_availqty, ps_supplycost, ps_comment) VALUES (2, 3, 8895, 378.49, 'nic accounts. final accounts sleep furiously about the ironic, bold packages. regular, regular accounts');
INSERT INTO partsupp (ps_partkey, ps_suppkey, ps_availqty, ps_supplycost, ps_comment) VALUES (2, 28, 4969, 915.27, 'ptotes. quickly pending dependencies integrate furiously. fluffily ironic ideas impress blithely above the express accounts. furiously even epitaphs need to wak');
INSERT INTO partsupp (ps_partkey, ps_suppkey, ps_availqty, ps_supplycost, ps_comment) VALUES (3, 4, 4651, 920.92, 'ilent foxes affix furiously quickly unusual requests. even packages across the carefully even theodolites nag above the sp');
INSERT INTO partsupp (ps_partkey, ps_suppkey, ps_availqty, ps_supplycost, ps_comment) VALUES (4, 5, 1339, 113.97, ' carefully unusual ideas. packages use slyly. blithely final pinto beans cajole along the furiously express requests. regular orbits haggle carefully. care');
INSERT INTO partsupp (ps_partkey, ps_suppkey, ps_availqty, ps_supplycost, ps_comment) VALUES (5, 6, 3735, 255.88, 'arefully even requests. ironic requests cajole carefully even dolphin');
INSERT INTO partsupp (ps_partkey, ps_suppkey, ps_availqty, ps_supplycost, ps_comment) VALUES (8, 9, 6834, 249.63, 'lly ironic accounts solve express, unusual theodolites. special packages use quickly. quickly fin');
INSERT INTO partsupp (ps_partkey, ps_suppkey, ps_availqty, ps_supplycost, ps_comment) VALUES (11, 12, 4540, 709.87, 'thely across the blithely unusual requests. slyly regular instructions wake slyly ironic theodolites. requests haggle blithely above the blithely brave p');
INSERT INTO partsupp (ps_partkey, ps_suppkey, ps_availqty, ps_supplycost, ps_comment) VALUES (12, 13, 3610, 659.73, 'jole bold theodolites. final packages haggle! carefully regular deposits play furiously among the special ideas. quickly ironic packages detect quickly carefully final');
INSERT INTO partsupp (ps_partkey, ps_suppkey, ps_availqty, ps_supplycost, ps_comment) VALUES (13, 14, 612, 169.44, 's. furiously even asymptotes use slyly blithely express foxes. pending courts integrate blithely among the ironic requests! blithely pending deposits integrate slyly furiously final packa');
INSERT INTO partsupp (ps_partkey, ps_suppkey, ps_availqty, ps_supplycost, ps_comment) VALUES (14, 15, 5278, 650.07, 'e quickly among the furiously ironic accounts. special, final sheaves against the');
INSERT INTO partsupp (ps_partkey, ps_suppkey, ps_availqty, ps_supplycost, ps_comment) VALUES (19, 20, 1416, 144.80, 'o beans. even packages nag boldly according to the bold, special deposits. ironic packages after the pinto beans nag above the quickly ironic requests. bl');
INSERT INTO partsupp (ps_partkey, ps_suppkey, ps_availqty, ps_supplycost, ps_comment) VALUES (20, 21, 2927, 675.54, 's, ironic deposits haggle across the quickly bold asymptotes. express, ironic pinto beans wake carefully enticingly special foxes. requests are at the c');
INSERT INTO partsupp (ps_partkey, ps_suppkey, ps_availqty, ps_supplycost, ps_comment) VALUES (21, 22, 6571, 944.44, 'ing instructions impress bold foxes. ironic pinto beans use. thinly even asymptotes cajole ironic packages. quickly ironic pinto beans detect slyly regular deposits. ruthlessly even deposits are. sl');
INSERT INTO partsupp (ps_partkey, ps_suppkey, ps_availqty, ps_supplycost, ps_comment) VALUES (22, 23, 4410, 786.18, 'even accounts. final excuses try to sleep regular, even packages. carefully express dolphins cajole; furiously special pinto bea');
INSERT INTO partsupp (ps_partkey, ps_suppkey, ps_availqty, ps_supplycost, ps_comment) VALUES (23, 24, 2739, 460.12, 'platelets against the furiously bold Tiresias dazzle quickly into the special, bold courts. silent, regular instructions wake blithely ironic multipliers. ideas');
INSERT INTO partsupp (ps_partkey, ps_suppkey, ps_availqty, ps_supplycost, ps_comment) VALUES (26, 2, 9702, 821.89, ' behind the blithely regular courts impress after the silent sheaves. bravely final ideas haggle ');
INSERT INTO partsupp (ps_partkey, ps_suppkey, ps_availqty, ps_supplycost, ps_comment) VALUES (27, 28, 2111, 444.01, 'the even, ironic deposits. theodolites along the ironic, final dolphins cajole slyly quickly bold asymptotes. furiously regular theodolites integrate furiously furiously bold requests. carefully');
INSERT INTO partsupp (ps_partkey, ps_suppkey, ps_availqty, ps_supplycost, ps_comment) VALUES (27, 3, 4283, 348.61, 'ound the final foxes detect furiously across the even warhorses. quickly t');
INSERT INTO partsupp (ps_partkey, ps_suppkey, ps_availqty, ps_supplycost, ps_comment) VALUES (28, 4, 9988, 666.53, 'beans haggle carefully around the slyly ironic acco');
INSERT INTO partsupp (ps_partkey, ps_suppkey, ps_availqty, ps_supplycost, ps_comment) VALUES (29, 5, 6252, 186.21, 'thely carefully even packages. even, final packages cajole after the quickly bold accounts. fluffily quick accounts in place of the theodolites doze slyly f');
INSERT INTO partsupp (ps_partkey, ps_suppkey, ps_availqty, ps_supplycost, ps_comment) VALUES (30, 6, 7945, 583.84, ' sleep. bold, regular deposits hang doggedly furiously bold requests. slyly bold excuses detect busily above the even gifts. blithely express courts are carefully. blithely final packages until th');
INSERT INTO customer (c_custkey, c_name, c_address, c_nationkey, c_phone, c_acctbal, c_mktsegment, c_comment) VALUES (1, 'Customer#000000001', 'IVhzIApeRb ot,c,E', 15, '25-989-741-2988', 711.56, 'BUILDING', 'to the even, regular platelets. regular, ironic epitaphs nag e');
INSERT INTO customer (c_custkey, c_name, c_address, c_nationkey, c_phone, c_acctbal, c_mktsegment, c_comment) VALUES (2, 'Customer#000000002', 'XSTf4,NCwDVaWNe6tEgvwfmRchLXak', 13, '23-768-687-3665', 121.65, 'AUTOMOBILE', 'l accounts. blithely ironic theodolites integrate boldly: caref');
INSERT INTO customer (c_custkey, c_name, c_address, c_nationkey, c_phone, c_acctbal, c_mktsegment, c_comment) VALUES (3, 'Customer#000000003', 'MG9kdTD2WBHm', 1, '11-719-748-3364', 7498.12, 'AUTOMOBILE', ' deposits eat slyly ironic, even instructions. express foxes detect slyly. blithely even accounts abov');
INSERT INTO customer (c_custkey, c_name, c_address, c_nationkey, c_phone, c_acctbal, c_mktsegment, c_comment) VALUES (4, 'Customer#000000004', 'XxVSJsLAGtn', 4, '14-128-190-5944', 2866.83, 'MACHINERY', ' requests. final, regular ideas sleep final accou');
INSERT INTO customer (c_custkey, c_name, c_address, c_nationkey, c_phone, c_acctbal, c_mktsegment, c_comment) VALUES (5, 'Customer#000000005', 'KvpyuHCplrB84WgAiGV6sYpZq7Tj', 3, '13-750-942-6364', 794.47, 'HOUSEHOLD', 'n accounts will have to unwind. foxes cajole accor');
INSERT INTO customer (c_custkey, c_name, c_address, c_nationkey, c_phone, c_acctbal, c_mktsegment, c_comment) VALUES (9, 'Customer#000000009', 'xKiAFTjUsCuxfeleNqefumTrjS', 8, '18-338-906-3675', 8324.07, 'FURNITURE', 'r theodolites according to the requests wake thinly excuses: pending requests haggle furiousl');
INSERT INTO customer (c_custkey, c_name, c_address, c_nationkey, c_phone, c_acctbal, c_mktsegment, c_comment) VALUES (10, 'Customer#000000010', '6LrEaV6KR6PLVcgl2ArL Q3rqzLzcT1 v2', 5, '15-741-346-9870', 2753.54, 'HOUSEHOLD', 'es regular deposits haggle. fur');
INSERT INTO customer (c_custkey, c_name, c_address, c_nationkey, c_phone, c_acctbal, c_mktsegment, c_comment) VALUES (12, 'Customer#000000012', '9PWKuhzT4Zr1Q', 13, '23-791-276-1263', 3396.49, 'HOUSEHOLD', ' to the carefully final braids. blithely regular requests nag. ironic theodolites boost quickly along');
INSERT INTO customer (c_custkey, c_name, c_address, c_nationkey, c_phone, c_acctbal, c_mktsegment, c_comment) VALUES (13, 'Customer#000000013', 'nsXQu0oVjD7PM659uC3SRSp', 3, '13-761-547-5974', 3857.34, 'BUILDING', 'ounts sleep carefully after the close frays. carefully bold notornis use ironic requests. blithely');
INSERT INTO customer (c_custkey, c_name, c_address, c_nationkey, c_phone, c_acctbal, c_mktsegment, c_comment) VALUES (14, 'Customer#000000014', 'KXkletMlL2JQEA ', 1, '11-845-129-3851', 5266.30, 'FURNITURE', ', ironic packages across the unus');
INSERT INTO customer (c_custkey, c_name, c_address, c_nationkey, c_phone, c_acctbal, c_mktsegment, c_comment) VALUES (16, 'Customer#000000016', 'cYiaeMLZSMAOQ2 d0W,', 10, '20-781-609-3107', 4681.03, 'FURNITURE', 'kly silent courts. thinly regular theodolites sleep fluffily after ');
INSERT INTO customer (c_custkey, c_name, c_address, c_nationkey, c_phone, c_acctbal, c_mktsegment, c_comment) VALUES (17, 'Customer#000000017', 'izrh 6jdqtp2eqdtbkswDD8SG4SzXruMfIXyR7', 2, '12-970-682-3487', 6.34, 'AUTOMOBILE', 'packages wake! blithely even pint');
INSERT INTO customer (c_custkey, c_name, c_address, c_nationkey, c_phone, c_acctbal, c_mktsegment, c_comment) VALUES (18, 'Customer#000000018', '3txGO AiuFux3zT0Z9NYaFRnZt', 6, '16-155-215-1315', 5494.43, 'BUILDING', 's sleep. carefully even instructions nag furiously alongside of t');
INSERT INTO customer (c_custkey, c_name, c_address, c_nationkey, c_phone, c_acctbal, c_mktsegment, c_comment) VALUES (21, 'Customer#000000021', 'XYmVpr9yAHDEn', 8, '18-902-614-8344', 1428.25, 'MACHINERY', ' quickly final accounts integrate blithely furiously u');
INSERT INTO customer (c_custkey, c_name, c_address, c_nationkey, c_phone, c_acctbal, c_mktsegment, c_comment) VALUES (22, 'Customer#000000022', 'QI6p41,FNs5k7RZoCCVPUTkUdYpB', 3, '13-806-545-9701', 591.98, 'MACHINERY', 's nod furiously above the furiously ironic ideas. ');
INSERT INTO customer (c_custkey, c_name, c_address, c_nationkey, c_phone, c_acctbal, c_mktsegment, c_comment) VALUES (23, 'Customer#000000023', 'OdY W13N7Be3OC5MpgfmcYss0Wn6TKT', 3, '13-312-472-8245', 3332.02, 'HOUSEHOLD', 'deposits. special deposits cajole slyly. fluffily special deposits about the furiously ');
INSERT INTO customer (c_custkey, c_name, c_address, c_nationkey, c_phone, c_acctbal, c_mktsegment, c_comment) VALUES (24, 'Customer#000000024', 'HXAFgIAyjxtdqwimt13Y3OZO 4xeLe7U8PqG', 13, '23-127-851-8031', 9255.67, 'MACHINERY', 'into beans. fluffily final ideas haggle fluffily');
INSERT INTO customer (c_custkey, c_name, c_address, c_nationkey, c_phone, c_acctbal, c_mktsegment, c_comment) VALUES (25, 'Customer#000000025', 'Hp8GyFQgGHFYSilH5tBfe', 12, '22-603-468-3533', 7133.70, 'FURNITURE', 'y. accounts sleep ruthlessly according to the regular theodolites. unusual instructions sleep. ironic, final');
INSERT INTO customer (c_custkey, c_name, c_address, c_nationkey, c_phone, c_acctbal, c_mktsegment, c_comment) VALUES (27, 'Customer#000000027', 'IS8GIyxpBrLpMT0u7', 3, '13-137-193-2709', 5679.84, 'BUILDING', ' about the carefully ironic pinto beans. accoun');
INSERT INTO customer (c_custkey, c_name, c_address, c_nationkey, c_phone, c_acctbal, c_mktsegment, c_comment) VALUES (28, 'Customer#000000028', 'iVyg0daQ,Tha8x2WPWA9m2529m', 8, '18-774-241-1462', 1007.18, 'FURNITURE', ' along the regular deposits. furiously final pac');
INSERT INTO customer (c_custkey, c_name, c_address, c_nationkey, c_phone, c_acctbal, c_mktsegment, c_comment) VALUES (29, 'Customer#000000029', 'sJ5adtfyAkCK63df2,vF25zyQMVYE34uh', 0, '10-773-203-7342', 7618.27, 'FURNITURE', 'its after the carefully final platelets x-ray against ');
INSERT INTO customer (c_custkey, c_name, c_address, c_nationkey, c_phone, c_acctbal, c_mktsegment, c_comment) VALUES (30, 'Customer#000000030', 'nJDsELGAavU63Jl0c5NKsKfL8rIJQQkQnYL2QJY', 1, '11-764-165-5076', 9321.01, 'BUILDING', 'lithely final requests. furiously unusual account');
INSERT INTO customer (c_custkey, c_name, c_address, c_nationkey, c_phone, c_acctbal, c_mktsegment, c_comment) VALUES (32, 'Customer#000000032', 'jD2xZzi UmId,DCtNBLXKj9q0Tlp2iQ6ZcO3J', 15, '25-430-914-2194', 3471.53, 'BUILDING', 'cial ideas. final, furious requests across the e');
INSERT INTO customer (c_custkey, c_name, c_address, c_nationkey, c_phone, c_acctbal, c_mktsegment, c_comment) VALUES (34, 'Customer#000000034', 'Q6G9wZ6dnczmtOx509xgE,M2KV', 15, '25-344-968-5422', 8589.70, 'HOUSEHOLD', 'nder against the even, pending accounts. even');
INSERT INTO customer (c_custkey, c_name, c_address, c_nationkey, c_phone, c_acctbal, c_mktsegment, c_comment) VALUES (37, 'Customer#000000037', '7EV4Pwh,3SboctTWt', 8, '18-385-235-7162', -917.75, 'FURNITURE', 'ilent packages are carefully among the deposits. furiousl');
INSERT INTO customer (c_custkey, c_name, c_address, c_nationkey, c_phone, c_acctbal, c_mktsegment, c_comment) VALUES (38, 'Customer#000000038', 'a5Ee5e9568R8RLP 2ap7', 12, '22-306-880-7212', 6345.11, 'HOUSEHOLD', 'lar excuses. closely even asymptotes cajole blithely excuses. carefully silent pinto beans sleep carefully fin');
INSERT INTO customer (c_custkey, c_name, c_address, c_nationkey, c_phone, c_acctbal, c_mktsegment, c_comment) VALUES (39, 'Customer#000000039', 'nnbRg,Pvy33dfkorYE FdeZ60', 2, '12-387-467-6509', 6264.31, 'AUTOMOBILE', 'tions. slyly silent excuses slee');
INSERT INTO customer (c_custkey, c_name, c_address, c_nationkey, c_phone, c_acctbal, c_mktsegment, c_comment) VALUES (40, 'Customer#000000040', 'gOnGWAyhSV1ofv', 3, '13-652-915-8939', 1335.30, 'BUILDING', 'rges impress after the slyly ironic courts. foxes are. blithely ');
INSERT INTO customer (c_custkey, c_name, c_address, c_nationkey, c_phone, c_acctbal, c_mktsegment, c_comment) VALUES (41, 'Customer#000000041', 'IM9mzmyoxeBmvNw8lA7G3Ydska2nkZF', 10, '20-917-711-4011', 270.95, 'HOUSEHOLD', 'ly regular accounts hang bold, silent packages. unusual foxes haggle slyly above the special, final depo');
INSERT INTO customer (c_custkey, c_name, c_address, c_nationkey, c_phone, c_acctbal, c_mktsegment, c_comment) VALUES (42, 'Customer#000000042', 'ziSrvyyBke', 5, '15-416-330-4175', 8727.01, 'BUILDING', 'ssly according to the pinto beans: carefully special requests across the even, pending accounts wake special');
INSERT INTO customer (c_custkey, c_name, c_address, c_nationkey, c_phone, c_acctbal, c_mktsegment, c_comment) VALUES (45, 'Customer#000000045', '4v3OcpFgoOmMG,CbnF,4mdC', 9, '19-715-298-9917', 9983.38, 'AUTOMOBILE', 'nto beans haggle slyly alongside of t');
INSERT INTO customer (c_custkey, c_name, c_address, c_nationkey, c_phone, c_acctbal, c_mktsegment, c_comment) VALUES (46, 'Customer#000000046', 'eaTXWWm10L9', 6, '16-357-681-2007', 5744.59, 'AUTOMOBILE', 'ctions. accounts sleep furiously even requests. regular, regular accounts cajole blithely around the final pa');
INSERT INTO customer (c_custkey, c_name, c_address, c_nationkey, c_phone, c_acctbal, c_mktsegment, c_comment) VALUES (47, 'Customer#000000047', 'b0UgocSqEW5 gdVbhNT', 2, '12-427-271-9466', 274.58, 'BUILDING', 'ions. express, ironic instructions sleep furiously ironic ideas. furi');
INSERT INTO customer (c_custkey, c_name, c_address, c_nationkey, c_phone, c_acctbal, c_mktsegment, c_comment) VALUES (48, 'Customer#000000048', '0UU iPhBupFvemNB', 0, '10-508-348-5882', 3792.50, 'BUILDING', 're fluffily pending foxes. pending, bold platelets sleep slyly. even platelets cajo');
INSERT INTO customer (c_custkey, c_name, c_address, c_nationkey, c_phone, c_acctbal, c_mktsegment, c_comment) VALUES (49, 'Customer#000000049', 'cNgAeX7Fqrdf7HQN9EwjUa4nxT,68L FKAxzl', 10, '20-908-631-4424', 4573.94, 'FURNITURE', 'nusual foxes! fluffily pending packages maintain to the regular ');
INSERT INTO customer (c_custkey, c_name, c_address, c_nationkey, c_phone, c_acctbal, c_mktsegment, c_comment) VALUES (50, 'Customer#000000050', '9SzDYlkzxByyJ1QeTI o', 6, '16-658-112-3221', 4266.13, 'MACHINERY', 'ts. furiously ironic accounts cajole furiously slyly ironic dinos.');
INSERT INTO customer (c_custkey, c_name, c_address, c_nationkey, c_phone, c_acctbal, c_mktsegment, c_comment) VALUES (51, 'Customer#000000051', 'uR,wEaiTvo4', 12, '22-344-885-4251', 855.87, 'FURNITURE', 'eposits. furiously regular requests integrate carefully packages. furious');
INSERT INTO customer (c_custkey, c_name, c_address, c_nationkey, c_phone, c_acctbal, c_mktsegment, c_comment) VALUES (52, 'Customer#000000052', '7 QOqGqqSy9jfV51BC71jcHJSD0', 11, '21-186-284-5998', 5630.28, 'HOUSEHOLD', 'ic platelets use evenly even accounts. stealthy theodolites cajole furiou');
INSERT INTO customer (c_custkey, c_name, c_address, c_nationkey, c_phone, c_acctbal, c_mktsegment, c_comment) VALUES (53, 'Customer#000000053', 'HnaxHzTfFTZs8MuCpJyTbZ47Cm4wFOOgib', 15, '25-168-852-5363', 4113.64, 'HOUSEHOLD', 'ar accounts are. even foxes are blithely. fluffily pending deposits boost');
INSERT INTO customer (c_custkey, c_name, c_address, c_nationkey, c_phone, c_acctbal, c_mktsegment, c_comment) VALUES (54, 'Customer#000000054', ',k4vf 5vECGWFy,hosTE,', 4, '14-776-370-4745', 868.90, 'AUTOMOBILE', 'sual, silent accounts. furiously express accounts cajole special deposits. final, final accounts use furi');
INSERT INTO customer (c_custkey, c_name, c_address, c_nationkey, c_phone, c_acctbal, c_mktsegment, c_comment) VALUES (55, 'Customer#000000055', 'zIRBR4KNEl HzaiV3a i9n6elrxzDEh8r8pDom', 10, '20-180-440-8525', 4572.11, 'MACHINERY', 'ully unusual packages wake bravely bold packages. unusual requests boost deposits! blithely ironic packages ab');
INSERT INTO orders (o_orderkey, o_custkey, o_orderstatus, o_totalprice, o_orderdate, o_orderpriority, o_clerk, o_shippriority, o_comment) VALUES (71, 34, 'O', 260603.38, '1998-01-24', '4-NOT SPECIFIED', 'Clerk#000000271', 0, ' express deposits along the blithely regul');
INSERT INTO orders (o_orderkey, o_custkey, o_orderstatus, o_totalprice, o_orderdate, o_orderpriority, o_clerk, o_shippriority, o_comment) VALUES (224, 25, 'F', 234050.44, '1994-06-18', '4-NOT SPECIFIED', 'Clerk#000000642', 0, 'r the quickly thin courts. carefully');
INSERT INTO orders (o_orderkey, o_custkey, o_orderstatus, o_totalprice, o_orderdate, o_orderpriority, o_clerk, o_shippriority, o_comment) VALUES (320, 4, 'O', 50202.60, '1997-11-21', '2-HIGH', 'Clerk#000000573', 0, 'ar foxes nag blithely');
INSERT INTO orders (o_orderkey, o_custkey, o_orderstatus, o_totalprice, o_orderdate, o_orderpriority, o_clerk, o_shippriority, o_comment) VALUES (358, 23, 'F', 362024.17, '1993-09-20', '2-HIGH', 'Clerk#000000392', 0, 'l, silent instructions are slyly. silently even de');
INSERT INTO orders (o_orderkey, o_custkey, o_orderstatus, o_totalprice, o_orderdate, o_orderpriority, o_clerk, o_shippriority, o_comment) VALUES (387, 34, 'O', 197839.44, '1997-01-26', '4-NOT SPECIFIED', 'Clerk#000000768', 0, ' are carefully among the quickly even deposits. furiously silent req');
INSERT INTO orders (o_orderkey, o_custkey, o_orderstatus, o_totalprice, o_orderdate, o_orderpriority, o_clerk, o_shippriority, o_comment) VALUES (739, 4, 'O', 226008.80, '1998-05-31', '5-LOW', 'Clerk#000000900', 0, ' against the slyly ironic packages nag slyly ironic');
INSERT INTO orders (o_orderkey, o_custkey, o_orderstatus, o_totalprice, o_orderdate, o_orderpriority, o_clerk, o_shippriority, o_comment) VALUES (896, 17, 'F', 248402.10, '1993-03-09', '1-URGENT', 'Clerk#000000187', 0, 'inal packages eat blithely according to the warhorses. furiously quiet de');
INSERT INTO orders (o_orderkey, o_custkey, o_orderstatus, o_totalprice, o_orderdate, o_orderpriority, o_clerk, o_shippriority, o_comment) VALUES (994, 13, 'F', 49870.71, '1994-04-20', '5-LOW', 'Clerk#000000497', 0, 'ole. slyly bold excuses nag caref');
INSERT INTO orders (o_orderkey, o_custkey, o_orderstatus, o_totalprice, o_orderdate, o_orderpriority, o_clerk, o_shippriority, o_comment) VALUES (1031, 37, 'F', 203268.37, '1994-09-01', '3-MEDIUM', 'Clerk#000000448', 0, 's; ironic theodolites along the carefully ex');
INSERT INTO orders (o_orderkey, o_custkey, o_orderstatus, o_totalprice, o_orderdate, o_orderpriority, o_clerk, o_shippriority, o_comment) VALUES (1475, 49, 'O', 252931.74, '1997-11-12', '2-HIGH', 'Clerk#000000972', 0, 'cally final packages boost. blithely ironic packa');
INSERT INTO orders (o_orderkey, o_custkey, o_orderstatus, o_totalprice, o_orderdate, o_orderpriority, o_clerk, o_shippriority, o_comment) VALUES (1602, 10, 'F', 6751.57, '1993-08-05', '5-LOW', 'Clerk#000000660', 0, 'deposits. busily silent instructions haggle furiously. fin');
INSERT INTO orders (o_orderkey, o_custkey, o_orderstatus, o_totalprice, o_orderdate, o_orderpriority, o_clerk, o_shippriority, o_comment) VALUES (1603, 13, 'F', 46920.46, '1993-07-31', '4-NOT SPECIFIED', 'Clerk#000000869', 0, 's. slyly silent deposits boo');
INSERT INTO orders (o_orderkey, o_custkey, o_orderstatus, o_totalprice, o_orderdate, o_orderpriority, o_clerk, o_shippriority, o_comment) VALUES (1635, 38, 'O', 107289.95, '1997-02-13', '3-MEDIUM', 'Clerk#000000958', 0, 's. slyly ironic requests affix slyly ');
INSERT INTO orders (o_orderkey, o_custkey, o_orderstatus, o_totalprice, o_orderdate, o_orderpriority, o_clerk, o_shippriority, o_comment) VALUES (1667, 46, 'O', 193695.84, '1997-10-10', '2-HIGH', 'Clerk#000000103', 0, 'e accounts. slyly express accounts must are a');
INSERT INTO orders (o_orderkey, o_custkey, o_orderstatus, o_totalprice, o_orderdate, o_orderpriority, o_clerk, o_shippriority, o_comment) VALUES (2374, 40, 'F', 148382.76, '1993-10-29', '4-NOT SPECIFIED', 'Clerk#000000081', 0, ' blithely regular packages. blithely unusua');
INSERT INTO orders (o_orderkey, o_custkey, o_orderstatus, o_totalprice, o_orderdate, o_orderpriority, o_clerk, o_shippriority, o_comment) VALUES (2375, 49, 'O', 159126.15, '1996-11-20', '3-MEDIUM', 'Clerk#000000197', 0, 'unusual, pending theodolites cajole carefully ');
INSERT INTO orders (o_orderkey, o_custkey, o_orderstatus, o_totalprice, o_orderdate, o_orderpriority, o_clerk, o_shippriority, o_comment) VALUES (2980, 38, 'O', 223259.35, '1996-09-14', '3-MEDIUM', 'Clerk#000000661', 0, 'y quick pinto beans wake. slyly re');
INSERT INTO orders (o_orderkey, o_custkey, o_orderstatus, o_totalprice, o_orderdate, o_orderpriority, o_clerk, o_shippriority, o_comment) VALUES (3266, 37, 'P', 99432.16, '1995-03-17', '5-LOW', 'Clerk#000000545', 0, 'refully ironic instructions. slyly final pi');
INSERT INTO orders (o_orderkey, o_custkey, o_orderstatus, o_totalprice, o_orderdate, o_orderpriority, o_clerk, o_shippriority, o_comment) VALUES (3329, 34, 'O', 55269.13, '1995-07-03', '2-HIGH', 'Clerk#000000236', 0, 'old deposits. special accounts haggle furiousl');
INSERT INTO orders (o_orderkey, o_custkey, o_orderstatus, o_totalprice, o_orderdate, o_orderpriority, o_clerk, o_shippriority, o_comment) VALUES (3427, 28, 'O', 180376.94, '1997-05-29', '4-NOT SPECIFIED', 'Clerk#000000404', 0, 'y final pinto beans snooze fluffily bold asymptot');
INSERT INTO orders (o_orderkey, o_custkey, o_orderstatus, o_totalprice, o_orderdate, o_orderpriority, o_clerk, o_shippriority, o_comment) VALUES (3623, 29, 'O', 253649.01, '1996-12-26', '1-URGENT', 'Clerk#000000184', 0, '- ironic excuses boost quickly in place ');
INSERT INTO orders (o_orderkey, o_custkey, o_orderstatus, o_totalprice, o_orderdate, o_orderpriority, o_clerk, o_shippriority, o_comment) VALUES (4100, 22, 'O', 6545.02, '1996-03-12', '3-MEDIUM', 'Clerk#000000429', 0, 'posits. carefully unusual packages use pending deposits. regular she');
INSERT INTO orders (o_orderkey, o_custkey, o_orderstatus, o_totalprice, o_orderdate, o_orderpriority, o_clerk, o_shippriority, o_comment) VALUES (4165, 29, 'O', 15785.08, '1997-07-25', '3-MEDIUM', 'Clerk#000000621', 0, 'special foxes affix never blithely ironic pinto beans; blithely ');
INSERT INTO orders (o_orderkey, o_custkey, o_orderstatus, o_totalprice, o_orderdate, o_orderpriority, o_clerk, o_shippriority, o_comment) VALUES (4193, 34, 'F', 189411.15, '1994-01-09', '2-HIGH', 'Clerk#000000201', 0, 'ng accounts haggle quickly. packages use fluffily ironic excu');
INSERT INTO orders (o_orderkey, o_custkey, o_orderstatus, o_totalprice, o_orderdate, o_orderpriority, o_clerk, o_shippriority, o_comment) VALUES (4199, 41, 'F', 40988.20, '1992-02-13', '1-URGENT', 'Clerk#000000309', 0, 'e blithely. special deposits haggle slyly final foxes. carefully even');
INSERT INTO orders (o_orderkey, o_custkey, o_orderstatus, o_totalprice, o_orderdate, o_orderpriority, o_clerk, o_shippriority, o_comment) VALUES (4263, 25, 'O', 200998.16, '1998-03-16', '1-URGENT', 'Clerk#000000265', 0, 'sly ruthless deposits. final packages are instructions. fu');
INSERT INTO orders (o_orderkey, o_custkey, o_orderstatus, o_totalprice, o_orderdate, o_orderpriority, o_clerk, o_shippriority, o_comment) VALUES (4355, 28, 'O', 231360.69, '1996-11-16', '1-URGENT', 'Clerk#000000362', 0, 'ndencies use furiously across the regular ');
INSERT INTO orders (o_orderkey, o_custkey, o_orderstatus, o_totalprice, o_orderdate, o_orderpriority, o_clerk, o_shippriority, o_comment) VALUES (4390, 53, 'P', 197545.62, '1995-05-23', '1-URGENT', 'Clerk#000000691', 0, 'inal pinto beans. exp');
INSERT INTO orders (o_orderkey, o_custkey, o_orderstatus, o_totalprice, o_orderdate, o_orderpriority, o_clerk, o_shippriority, o_comment) VALUES (4704, 13, 'O', 101152.73, '1996-08-16', '4-NOT SPECIFIED', 'Clerk#000000256', 0, 'lithely final requests about the fluffily regular ');
INSERT INTO orders (o_orderkey, o_custkey, o_orderstatus, o_totalprice, o_orderdate, o_orderpriority, o_clerk, o_shippriority, o_comment) VALUES (4806, 53, 'F', 44638.95, '1993-04-21', '5-LOW', 'Clerk#000000625', 0, 'ave accounts. furiously pending wa');
INSERT INTO orders (o_orderkey, o_custkey, o_orderstatus, o_totalprice, o_orderdate, o_orderpriority, o_clerk, o_shippriority, o_comment) VALUES (4928, 22, 'F', 92223.13, '1993-10-04', '4-NOT SPECIFIED', 'Clerk#000000952', 0, 'slyly brave instructions after the ironic excuses haggle ruthlessly about');
INSERT INTO lineitem (l_orderkey, l_partkey, l_suppkey, l_linenumber, l_quantity, l_extendedprice, l_discount, l_tax, l_returnflag, l_linestatus, l_shipdate, l_commitdate, l_receiptdate, l_shipinstruct, l_shipmode, l_comment) VALUES (2374, 4, 5, 5, 25, 22600.00, 0.08, 0.00, 'A', 'F', '1993-11-26', '1993-12-15', '1993-12-10', 'COLLECT COD', 'RAIL', 'refully pending d');
INSERT INTO lineitem (l_orderkey, l_partkey, l_suppkey, l_linenumber, l_quantity, l_extendedprice, l_discount, l_tax, l_returnflag, l_linestatus, l_shipdate, l_commitdate, l_receiptdate, l_shipinstruct, l_shipmode, l_comment) VALUES (4355, 8, 9, 3, 13, 11804.00, 0.07, 0.05, 'N', 'O', '1997-01-21', '1996-12-22', '1997-02-14', 'COLLECT COD', 'TRUCK', ' ought to mold. blithely pending ideas ');

CLEAR MONITORING;

